{
  "train_r2": 0.9912595140497961,
  "test_r2": 0.9839006042974445,
  "train_rmse": 0.5925511776398829,
  "test_rmse": 0.815356449243744,
  "train_mae": 0.45512702783427744,
  "test_mae": 0.4683759771489171,
  "training_time": 22.881883,
  "enable_categorical": true,
  "model_version": "2.0_categorical_fixed"
}